{"name":"6ecccb2d-da31-44c2-b86c-a71e9a8ab3b5","id":"/providers/Microsoft.Flow/flows/6ecccb2d-da31-44c2-b86c-a71e9a8ab3b5","type":"Microsoft.Flow/flows","properties":{"apiId":"/providers/Microsoft.PowerApps/apis/shared_logicflows","displayName":"GetAllProjectIDs - Loop","definition":{"metadata":{"workflowEntityId":null,"flowclientsuspensionreason":"None","flowclientsuspensiontime":null,"creator":{"id":"7e736d66-18b0-4e39-a4a1-33157db715f2","type":"User","tenantId":"aaf7da2a-3619-490f-8ddc-70a1da39c3fc"},"provisioningMethod":"FromDefinition","failureAlertSubscription":true,"clientLastModifiedTime":"2020-09-20T20:13:56.732343Z"},"$schema":"https://schema.management.azure.com/providers/Microsoft.Logic/schemas/2016-06-01/workflowdefinition.json#","contentVersion":"1.0.0.0","parameters":{"$connections":{"defaultValue":{},"type":"Object"},"$authentication":{"defaultValue":{},"type":"SecureObject"}},"triggers":{"Recurrence":{"recurrence":{"frequency":"Month","interval":1},"type":"Recurrence"}},"actions":{"Do_until":{"actions":{"getAllProjects":{"runAfter":{},"type":"OpenApiConnection","inputs":{"host":{"apiId":"/providers/Microsoft.PowerApps/apis/shared_sharepointonline","connectionName":"shared_sharepointonline","operationId":"HttpRequest"},"parameters":{"dataset":"https://m365x717535.sharepoint.com/sites/PWA2","parameters/method":"GET","parameters/uri":"@variables('nextLinkUri')","parameters/headers":{"Accept":"application/json;odata=nometadata","Content-Type":"application/json;odata=nometadata"}},"authentication":"@parameters('$authentication')"}},"parseGetAllProjectsJson":{"runAfter":{"getAllProjects":["Succeeded"]},"type":"ParseJson","inputs":{"content":"@body('getAllProjects')","schema":{"type":"object","properties":{"value":{"type":"array","items":{"type":"object","properties":{"ProjectId":{"type":"string"},"ProjectName":{"type":"string"},"ProjectWorkspaceInternalUrl":{"type":"string"}},"required":["ProjectId","ProjectName","ProjectWorkspaceInternalUrl"]}},"odata.nextLink":{"type":"string"}}}}},"Apply_to_each":{"foreach":"@body('parseGetAllProjectsJson')?['value']","actions":{"appendProjectIdToArray":{"runAfter":{},"type":"AppendToArrayVariable","inputs":{"name":"projectData","value":"@items('Apply_to_each')?['ProjectId']"}}},"runAfter":{"parseGetAllProjectsJson":["Succeeded"]},"type":"Foreach","description":"Add the flow logic inside this apply to each loop. The action to add the ID's to the array is just an example"},"Condition":{"actions":{"setNextLinkUriVariable":{"runAfter":{},"type":"SetVariable","inputs":{"name":"nextLinkUri","value":"@{substring(body('parseGetAllProjectsJson')?['odata.nextLink'],46)}"}}},"runAfter":{"Apply_to_each":["Succeeded"]},"else":{"actions":{"setNextLinkUriVariableToNull":{"runAfter":{},"type":"SetVariable","inputs":{"name":"nextLinkUri","value":"Completed"}}}},"expression":{"not":{"equals":["@body('parseGetAllProjectsJson')?['odata.nextLink']","@null"]}},"type":"If"}},"runAfter":{"projectDataArray":["Succeeded"]},"expression":"@equals(variables('nextLinkUri'), 'Completed')","limit":{"count":5,"timeout":"PT1H"},"type":"Until"},"projectDataArray":{"runAfter":{"nextLinkUriVariable":["Succeeded"]},"type":"InitializeVariable","inputs":{"variables":[{"name":"projectData","type":"array"}]},"description":"action added just for the simple demo - this action might not be required in your flow"},"nextLinkUriVariable":{"runAfter":{},"type":"InitializeVariable","inputs":{"variables":[{"name":"nextLinkUri","type":"string","value":"/_api/ProjectData/Projects()?$Select=ProjectId,ProjectName,ProjectWorkspaceInternalUrl&$Filter=ProjectType ne 7"}]}}},"outputs":{},"description":"Example Power Automate flow handling API pagination when using the SharePoint HTTP action"},"connectionReferences":{"shared_sharepointonline":{"connectionName":"shared-sharepointonl-30ac800d-d5b3-4832-b6ae-3ad0aa54c20e","source":"Embedded","id":"/providers/Microsoft.PowerApps/apis/shared_sharepointonline","tier":"NotSpecified"}},"flowFailureAlertSubscribed":false}}